Nama Jabatan,Instansi Pengampu,Level Pemerintahan,,,,,,,,
Direktur Kompensasi Aparatur Sipil Negara,Tertentu (Badan Kepegawaian Negara),Pemerintah Pusat,,,,,,,,
Direktur Pengawasan dan Pengendalian,Tertentu (Badan Kepegawaian Negara),Pemerintah Pusat,,,,,,,,
Inspektur Utama,Tertentu (BKKBN),Pemerintah Pusat,,,,,,,,
Kepala Badan kebijakan Fiskal,Tertentu (Kementerian Keuangan),Pemerintah Pusat,,,,,,,,
Kepala Badan Kepegawaian Daerah,Instansi Daerah,Pemerintah Daerah,,,,,,,,
Kepala Badan Kesatuan Bangsa dan Politik,Instansi Daerah,Pemerintah Daerah,,,,,,,,
Kepala Biro Hukum dan Hubungan Masyarakat,Instansi Pusat - Daerah,Pemerintah Daerah,,,,,,,,
Kepala Biro Keuangan,Instansi Pusat - Daerah,Pemerintah Daerah,,,,,,,,
Kepala Biro Perencanaan,Instansi Pusat - Daerah,Pemerintah Daerah,,,,,,,,
Kepala Biro Sumber Daya Manusia,Instansi Pusat - Daerah,Pemerintah Pusat,,,,,,,,
Kepala Biro Umum,Instansi Pusat - Daerah,Pemerintah Pusat,,,,,,,,
Kepala Biro Umum dan Keuangan,Instansi Pusat - Daerah,Pemerintah Pusat,,,,,,,,
Kepala Dinas Kesehatan,Instansi Daerah,Pemerintah Daerah,,,,,,,,
Kepala Dinas Pemberdayaan Masyarakat dan Desa,Instansi Daerah,Pemerintah Daerah,,,,,,,,
Kepala Dinas Pendidikan dan Kebudayaan,Instansi Daerah,Pemerintah Daerah,,,,,,,,
"Kepala Dinas Perindustrian, Perdagangan, Energi dan Sumber Daya Mineral",Instansi Daerah,Pemerintah Daerah,,,,,,,,
Kepala Dinas Perkebunan dan Peternakan,Instansi Daerah,Pemerintah Daerah,,,,,,,,
Sekretaris Jenderal,Instansi Pusat,Pemerintah Pusat,,,,,,,,
Sekretaris Utama,Instansi Pusat,Pemerintah Pusat,,,,,,,,
Asisten Administrasi dan Kesejahteraan Masyarakat,Instansi Daerah,Pemerintah Daerah,,,,,,,,
Asisten Administrasi Pemerintahan Umum Kesejahteraan Rakyat,Instansi Daerah,Pemerintah Daerah,,,,,,,,
Asisten Administrasi Pengembangan Ekonomi,Instansi Daerah,Pemerintah Daerah,,,,,,,,
Asisten Administrasi Perekonomian Pembangunan Kesejahteraan Rakyat,Instansi Daerah,Pemerintah Daerah,,,,,,,,
"Asisten Deputi Bidang Usaha Pertambangan, Industri Strategis dan media",Tertentu (Kementerian Bumn),Pemerintah Pusat,,,,,,,,
Asisten Deputi Infrastruktur Pemerintahan Deputi Bidang Pengelolaan Infrastruktur Kawasan Perbatasan,Tertentu (Badan Nasional Pengelola Perbatasan),Pemerintah Pusat,,,,,,,,
Asisten Deputi Investasi Bidang Jasa,Tertentu (Kementerian Koordinator Bidang Kemaritiman dan Investasi),Pemerintah Pusat,,,,,,,,
Asisten Deputi Kerja Sama Investasi Pemerintah Dan Badan Usaha,Tertentu (Kementerian Koordinator Bidang Kemaritiman dan Investasi),Pemerintah Pusat,,,,,,,,
Asisten Deputi Pengelolaan Perubahan Iklim dan Kebencanaan,Tertentu (Kementerian Koordinator Bidang Kemaritiman dan Investasi),Pemerintah Pusat,,,,,,,,
Asisten Deputi Pengelolaan Ruang Laut Dan Pesisir,Tertentu (Kementerian Koordinator Bidang Kemaritiman dan Investasi),Pemerintah Pusat,,,,,,,,
Asisten Deputi Pengelolaan Sampah Dan Limbah,Tertentu (Kementerian Koordinator Bidang Kemaritiman dan Investasi),Pemerintah Pusat,,,,,,,,
Asisten Deputi Pengembangan Ekonomi Kreatif,Tertentu (Kementerian Koordinator Bidang Kemaritiman dan Investasi),Pemerintah Pusat,,,,,,,,
Asisten Deputi Pengembangan Perikanan Budidaya,Tertentu (Kementerian Koordinator Bidang Kemaritiman dan Investasi),Pemerintah Pusat,,,,,,,,
Asisten Deputi Pertambangan,Tertentu (Kementerian Koordinator Bidang Kemaritiman dan Investasi),Pemerintah Pusat,,,,,,,,
Asisten Deputi Planologi Kehutanan dan Tata Lingkungan,Tertentu (Kementerian Koordinator Bidang Kemaritiman dan Investasi),Pemerintah Pusat,,,,,,,,
Asisten Deputi Strategi Dan Kebijakan Percepatan Investasi,Tertentu (Kementerian Koordinator Bidang Kemaritiman dan Investasi),Pemerintah Pusat,,,,,,,,
Asisten Kesejahteraan,Instansi Daerah,Pemerintah Daerah,,,,,,,,
Asisten Perekonomian dan Pembangunan,Instansi Daerah,Pemerintah Daerah,,,,,,,,
Deputi Bidang Administrasi,Instansi Pusat,Pemerintah Pusat,,,,,,,,
Deputi Bidang Koordinasi Pariwisata dan Ekonomi Kreatif,Tertentu (Kementerian Koordinator Bidang Kemaritiman dan Investasi),Pemerintah Pusat,,,,,,,,
Deputi Bidang Koordinasi Pengelolaan Lingkungan dan Kehutanan,Tertentu (Kementerian Koordinator Bidang Kemaritiman dan Investasi),Pemerintah Pusat,,,,,,,,
Deputi Bidang Pengkajian dan Penginderaan,Tertentu (Dewan Ketahanan Nasional dan Sekretariat Jenderal Dewan Ketahanan nasional),Pemerintah Pusat,,,,,,,,
Deputi Bidang Penindakan,Tertentu (BPOM),Pemerintah Pusat,,,,,,,,
Deputi Gubernur Bidang Pengendalian Kependudukan dan Permukiman,Instansi Daerah,Pemerintah Daerah,,,,,,,,
Deputi Gubernur Bidang Budaya dan Pariwisata,Instansi Daerah,Pemerintah Daerah,,,,,,,,
Direktur Arsip Kepegawaian,Tertentu (Badan Kepegawaian Negara),Pemerintah Pusat,,,,,,,,
Direktur Asia Selatan dan Tengah,Tertentu (Kemenlu),Pemerintah Pusat,,,,,,,,
Direktur Bina Ketahanan Keluarga Lansia dan Rentan,Tertentu (BKKBN),Pemerintah Pusat,,,,,,,,
Direktur Fasilitasi Keuangan dan Aset Pemerintahan Desa,Tertentu (Kemendagri),Pemerintah Pusat,,,,,,,,
"Direktur Gizi Masyarakat, Direktorat Jenderal Kesehatan Masyarakat",Tertentu (Kementerian Kesehatan),Pemerintah Pusat,,,,,,,,
Direktur Intelijen Obat dan Makanan,Tertentu (BPOM),Pemerintah Pusat,,,,,,,,
Direktur Jenderal Hubungan Hukum Keagrariaan,Tertentu (Kementerian Agraria dan Tata Ruang),Pemerintah Pusat,,,,,,,,
Direktur Jenderal Otonomi Daerah,Tertentu (Kemendagri),Pemerintah Pusat,,,,,,,,
Direktur Jenderal Pendidikan Anak Usia Dini dan Pendidikan Dasar dan Pendidikan menengah,Tertentu (Kementerian Pendidikan dan Kebudayaan),Pemerintah Pusat,,,,,,,,
"Direktur Kawasan, Perkotaan dan Batas Negara",Tertentu (Kemendagri),Pemerintah Pusat,,,,,,,,
Direktur Keuangan dan Umum Rumah Sakit Umum Pusat,Tertentu (Kementerian Kesehatan),Pemerintah Pusat,,,,,,,,
Direktur Keuangan Rumah Sakit,Instansi Daerah,Pemerintah Daerah,,,,,,,,
Direktur Optimalisasi Jaringan Logistik dan Peralatan,Tertentu (Badan Nasional Penanggulangan Bencana),Pemerintah Pusat,,,,,,,,
"Direktur Pelayanan Medik, Keperawatan dan Penunjang Rumah Sakit Umum Pusat",Tertentu (Kementerian Kesehatan),Pemerintah Pusat,,,,,,,,
Direktur Pendidikan Tinggi,Tertentu (Kementerian Pendidikan dan Kebudayaan),Pemerintah Pusat,,,,,,,,
"Direktur Pengaturan dan Pendaftaran Hak Tanah, Ruang dan PPAT",Tertentu (Kementerian Agraria dan Tata Ruang),Pemerintah Pusat,,,,,,,,
"Direktur Pengawasan dan Pengendalian Bidang Formasi, Pengadaan dan Pasca Diklat",Tertentu (Badan Kepegawaian Negara),Pemerintah Pusat,,,,,,,,
Direktur Pengembangan Pasar Dalam Negeri,Tertentu (Kementerian Perdagangan),Pemerintah Pusat,,,,,,,,
Direktur Pengembangan Produk Eskpor,Tertentu (Kementerian Perdagangan),Pemerintah Pusat,,,,,,,,
Direktur Pensiun Pegawai Negeri Sipil dan Pejabat Negara,Tertentu (Badan Kepegawaian Negara),Pemerintah Pusat,,,,,,,,
"Direktur Perencanaan, Keuangan, dan Barang Milik Negara Rumah Sakit Jiwa",Tertentu (Kementerian Kesehatan),Pemerintah Pusat,,,,,,,,
Direktur RSUD,Instansi Daerah,Pemerintah Daerah,,,,,,,,
Direktur Sekolah Dinas Luar Negeri (Sekdilu),Tertentu (Kemenlu),Pemerintah Pusat,,,,,,,,
"Direktur Sumber Daya Manusia, Pendidikan, dan Penelitian Rumah Sakit Umum",Tertentu (Kementerian Kesehatan),Pemerintah Pusat,,,,,,,,
"Direktur Sumber Daya Manusia, Pendidikan, dan Umum Rumah Sakit Jiwa",Tertentu (Kementerian Kesehatan),Pemerintah Pusat,,,,,,,,
Direktur Survei dan Pemetaan Tematik,Tertentu (Kementerian Agraria dan Tata Ruang),Pemerintah Pusat,,,,,,,,
Direktur Toponimi dan Batas Daerah,Tertentu (Kemendagri),Pemerintah Pusat,,,,,,,,
Direktur Umum dan Operasional Rumah Sakit Umum Pusat,Tertentu (Kementerian Kesehatan),Pemerintah Pusat,,,,,,,,
"Direktur Umum, Sumber Daya Manusia dan Pendidikan Rumah Sakit Umum Pusat",Tertentu (Kementerian Kesehatan),Pemerintah Pusat,,,,,,,,
Direktur Urusan Agama Katolik,Tertentu (Kementerian Agama),Pemerintah Pusat,,,,,,,,
Direktur Utama Rumah Sakit Umum Pusat,Tertentu (Kementerian Kesehatan),Pemerintah Pusat,,,,,,,,
Inspektur Daerah,Instansi Daerah,Pemerintah Daerah,,,,,,,,
Inspektur Inspektorat Daerah,Instansi Daerah,Pemerintah Daerah,,,,,,,,
Inspektur Khusus,Tertentu (Kemendagri),Pemerintah Pusat,,,,,,,,
Kepala Badan / Pelaksana Badan Penanggulangan Bencana Daerah,Instansi Daerah,Pemerintah Daerah,,,,,,,,
Kepala Badan Kepegawaian dan Pengembangan Sumber Daya Manusia,Instansi Daerah,Pemerintah Daerah,,,,,,,,
"Kepala Badan Kepegawaian, Pendidikan dan Pelatihan",Instansi Daerah,Pemerintah Daerah,,,,,,,,
Kepala Badan Keuangan Daerah dan Aset Daerah,Instansi Daerah,Pemerintah Daerah,,,,,,,,
Kepala Badan Penelitian dan Pengembangan Daerah,Instansi Daerah,Pemerintah Daerah,,,,,,,,
Kepala Badan Pengelola Perbatasan Daerah,Instansi Daerah,Pemerintah Pusat,,,,,,,,
Kepala Badan Pengelolaan Keuangan,Instansi Daerah,Pemerintah Daerah,,,,,,,,
Kepala Badan Pengelolaan Keuangan dan Pendapatan Daerah,Instansi Daerah,Pemerintah Daerah,,,,,,,,
Kepala Badan Perencanaan dan Pembangunan Daerah,Instansi Daerah,Pemerintah Daerah,,,,,,,,
"Kepala Badan Perencanaan, Penelitian dan Pengembangan Daerah",Instansi Daerah,Pemerintah Daerah,,,,,,,,
Kepala Badan Pusat Statistik,Tertentu (Badan Pusat Statistik),Pemerintah Pusat,,,,,,,,
Kepala Badan/Pusat Kepegawaian Daerah dan Pengembangan Sumber Daya Manusia,Instansi Daerah,Pemerintah Pusat,,,,,,,,
Kepala Balai Besar Logam dan Mesin,Tertentu (Kementerian Perindustrian),Pemerintah Pusat,,,,,,,,
Kepala Balai Besar Meteorologi Klimatologi dan Geofisika,Tertentu (BMKG),Pemerintah Pusat,,,,,,,,
Kepala Balai Besar Pelatihan Kesehatan,Tertentu (Kementerian Kesehatan),Pemerintah Pusat,,,,,,,,
Kepala Balai Besar Pemerintahan Desa,Tertentu (Kemendagri),Pemerintah Pusat,,,,,,,,
Kepala Balai Besar POM,Tertentu (BPOM),Pemerintah Pusat,,,,,,,,
"Kepala Biro Administrasi Akademik, Kemahasiswaan, Perencanaan dan Sistem Informasi",Tertentu (Kemenristekdikti),Pemerintah Pusat,,,,,,,,
Kepala Biro Administrasi Kerjasama,Instansi Daerah,Pemerintah Daerah,,,,,,,,
Kepala Biro Administrasi Perekonomian,Instansi Daerah,Pemerintah Daerah,,,,,,,,
Kepala Biro Administrasi Pimpinan,Instansi Daerah,Pemerintah Daerah,,,,,,,,
Kepala Biro Administrasi Umum dan Keuangan,Instansi Daerah,Pemerintah Daerah,,,,,,,,
Kepala Biro Akademik Kemahasiswaan dan Kerjasama,Tertentu (Kemenristekdikti),Pemerintah Pusat,,,,,,,,
Kepala Biro Badan Usaha Milik Daerah Dan Investasi,Instansi Daerah,Pemerintah Daerah,,,,,,,,
Kepala Biro Bina Perekonomian,Instansi Daerah,Pemerintah Daerah,,,,,,,,
Kepala Biro Hubungan Masyarakat,Instansi Daerah,Pemerintah Daerah,,,,,,,,
Kepala Biro Hukum,Instansi Daerah,Pemerintah Daerah,,,,,,,,
Kepala Biro Hukum dan Kepegawaian,Instansi Daerah,Pemerintah Daerah,,,,,,,,
"Kepala Biro Hukum, Organisasi, Kerjasama dan Humas",Instansi Daerah,Pemerintah Daerah,,,,,,,,
Kepala Biro Kerja Sama Daerah,Instansi Daerah,Pemerintah Daerah,,,,,,,,
Kepala Biro Kesejahteraan Rakyat,Instansi Daerah,Pemerintah Daerah,,,,,,,,
Kepala Biro Keuangan dan Barang Milik Negara (BMN),Tertentu (Kementerian Agraria dan Tata Ruang),Pemerintah Pusat,,,,,,,,
Kepala Biro Komunikasi,Tertentu (Kementerian Koordinator Bidang Kemaritiman dan Investasi),Pemerintah Pusat,,,,,,,,
"Kepala Biro Komunikasi, Layanan Informasi dan Persidangan",Tertentu (Kementerian Koordinator Bidang Perekonomian),Pemerintah Pusat,,,,,,,,
Kepala Biro Organisasi,Instansi Daerah,Pemerintah Daerah,,,,,,,,
Kepala Biro Pelayanan dan Pengembangan Sosial,Instansi Daerah,Pemerintah Daerah,,,,,,,,
Kepala Biro Pemerintahan,Instansi Daerah,Pemerintah Daerah,,,,,,,,
Kepala Biro Pemerintahan Dan Kerjasama,Instansi Daerah,Pemerintah Daerah,,,,,,,,
Kepala Biro Penataan Kota dan Lingkungan Hidup,Instansi Daerah,Pemerintah Daerah,,,,,,,,
Kepala Biro Pengadaan Barang dan Jasa,Instansi Daerah,Pemerintah Daerah,,,,,,,,
Kepala Biro Pengawasan Pasar Berjangka dan Fisik,Instansi Pusat - Daerah,Pemerintah Pusat,,,,,,,,
Kepala Biro Perekonomian,Instansi Daerah,Pemerintah Daerah,,,,,,,,
Kepala Biro Perencanaan dan Keuangan,Instansi Daerah,Pemerintah Daerah,,,,,,,,
Kepala Biro Sistem Informasi dan Dokumentasi,Instansi Daerah,Pemerintah Daerah,,,,,,,,
Kepala Biro Sumber Daya Manusia dan Umum,Instansi Daerah,Pemerintah Daerah,,,,,,,,
Kepala Biro Tata Pemerintahan,Instansi Daerah,Pemerintah Daerah,,,,,,,,
Kepala Biro Umum dan Layanan Pengadaan,Tertentu (Kementerian Agraria dan Tata Ruang),Pemerintah Pusat,,,,,,,,
Kepala Biro Umum Keuangan Kepegawaian,Instansi Pusat - Daerah,Pemerintah Pusat,,,,,,,,
Kepala Dinas Perikanan,Instansi Daerah,Pemerintah Daerah,,,,,,,,
Kepala Dinas Kearsipan dan Perpustakaan,Instansi Daerah,Pemerintah Daerah,,,,,,,,
Kepala Dinas Kebudayaan dan Pariwisata,Instansi Daerah,Pemerintah Daerah,,,,,,,,
"Kepala Dinas Kebudayaan, Kepemudaan dan Olahraga",Instansi Daerah,Pemerintah Daerah,,,,,,,,
Kepala Dinas Kelautan Perikanan Peternakan,Instansi Daerah,Pemerintah Daerah,,,,,,,,
"Kepala Dinas Keluarga Berencana, Pemberdayaan Perempuan dan Perlindungan Anak",Instansi Daerah,Pemerintah Daerah,,,,,,,,
Kepala Dinas Kepemudaan dan Olahraga,Instansi Daerah,Pemerintah Daerah,,,,,,,,
Kepala Dinas Kependudukan Dan Pencacatan Sipil,Instansi Daerah,Pemerintah Daerah,,,,,,,,
Kepala Dinas Kesatuan Bangsa Dan Politik,Instansi Daerah,Pemerintah Daerah,,,,,,,,
Kepala Dinas Kesehatan dan Keluarga Berencana,Instansi Daerah,Pemerintah Daerah,,,,,,,,
"Kepala Dinas Kesehatan, Pengendalian Penduduk dan Keluarga Berencana",Instansi Daerah,Pemerintah Daerah,,,,,,,,
Kepala Dinas Ketahanan Pangan,Instansi Daerah,Pemerintah Daerah,,,,,,,,
Kepala Dinas Ketahanan Pangan dan Perikanan,Instansi Daerah,Pemerintah Daerah,,,,,,,,
Kepala Dinas Ketahanan Pangan dan Pertanian,Instansi Daerah,Pemerintah Daerah,,,,,,,,
Kepala Dinas Ketahanan Pangan dan Peternakan,Instansi Daerah,Pemerintah Daerah,,,,,,,,
"Kepala Dinas Ketahanan Pangan, Tanaman Pangan dan Hortikultura",Instansi Daerah,Pemerintah Daerah,,,,,,,,
Kepala Dinas Ketenagakerjaan,Instansi Daerah,Pemerintah Daerah,,,,,,,,
Kepala Dinas Komunikasi Informatika Statistik Persandian,Instansi Daerah,Pemerintah Daerah,,,,,,,,
"Kepala Dinas Komunikasi, Informatika, dan Statistik",Instansi Daerah,Pemerintah Daerah,,,,,,,,
Kepala Dinas Koperasi dan Usaha Mikro,Instansi Daerah,Pemerintah Daerah,,,,,,,,
"Kepala Dinas Koperasi, Perindustrian dan Perdagangan",Instansi Daerah,Pemerintah Daerah,,,,,,,,
"Kepala Dinas Koperasi, UKM, Tenaga Kerja dan Transmigrasi",Instansi Daerah,Pemerintah Daerah,,,,,,,,
"Kepala Dinas Koperasi, Usaha Kecil Menengah dan Perdagangan",Instansi Daerah,Pemerintah Daerah,,,,,,,,
"Kepala Dinas Koperasi, Usaha Kecil Menengah dan Perindustrian",Instansi Daerah,Pemerintah Daerah,,,,,,,,
Kepala Dinas Lingkungan Hidup,Instansi Daerah,Pemerintah Daerah,,,,,,,,
"Kepala Dinas Pangan, Pertanian dan Perikanan",Instansi Daerah,Pemerintah Daerah,,,,,,,,
Kepala Dinas Pariwisata dan Kebudayaan,Instansi Daerah,Pemerintah Daerah,,,,,,,,
Kepala Dinas Pekerjaan Umum,Instansi Daerah,Pemerintah Daerah,,,,,,,,
Kepala Dinas Pekerjaan Umum dan Penataan Ruang,Instansi Daerah,Pemerintah Daerah,,,,,,,,
Kepala Dinas Pekerjaan Umum dan Perumahan Rakyat,Instansi Daerah,Pemerintah Daerah,,,,,,,,
Kepala Dinas Pekerjaan umum dan Tata Ruang,Instansi Daerah,Pemerintah Daerah,,,,,,,,
"Kepala Dinas Pekerjaan Umum, Perumahan dan Kawasan Pemukiman",Instansi Daerah,Pemerintah Daerah,,,,,,,,
Kepala Dinas Pemadam Kebakaran Dan Penyelamatan,Instansi Daerah,Pemerintah Daerah,,,,,,,,
"Kepala Dinas Pemberdayaan Masyarakat, Perempuan dan Keluarga Berencana",Instansi Daerah,Pemerintah Daerah,,,,,,,,
Kepala Dinas Pemberdayaan Perempuan dan Perlindungan Anak,Instansi Daerah,Pemerintah Daerah,,,,,,,,
"Kepala Dinas Pemberdayaan Perempuan dan Perlindungan Anak, Pengendalian Penduduk dan Keluarga Berencana",Instansi Daerah,Pemerintah Daerah,,,,,,,,
"Kepala Dinas Pemuda, Olah Raga dan Pariwisata",Instansi Daerah,Pemerintah Daerah,,,,,,,,
Kepala Dinas Penanaman Modal dan Pelayanan Terpadu Satu Pintu,Instansi Daerah,Pemerintah Daerah,,,,,,,,
Kepala Dinas Penanaman Modal dan Pelayanan Perizinan Terpadu Satu Pintu (Ketenagakerjaan),Instansi Daerah,Pemerintah Daerah,,,,,,,,
Kepala Dinas Penanaman Modal dan Pelayanan Terpadu Satu Pintu Transmigrasi dan Tenaga Kerja,Instansi Daerah,Pemerintah Daerah,,,,,,,,
Kepala Dinas Pendidikan Pemuda dan Olah Raga,Instansi Daerah,Pemerintah Daerah,,,,,,,,
Kepala Dinas Pengendalian Penduduk dan Keluarga Berencana,Instansi Daerah,Pemerintah Daerah,,,,,,,,
Kepala Dinas Pengendalian Penduduk dan Keluarga Berencana dan Pemberdayaan Masyarakat dan Desa,Instansi Daerah,Pemerintah Daerah,,,,,,,,
"Kepala Dinas Pengendalian Penduduk, Keluarga Berencana, Pemberdayaan Perempuan dan Perlindungan Anak",Instansi Daerah,Pemerintah Daerah,,,,,,,,
Kepala Dinas Pengendalian Pendudukan dan Keluarga Berencana,Instansi Daerah,Pemerintah Daerah,,,,,,,,
Kepala Dinas Perdagangan,Instansi Daerah,Pemerintah Daerah,,,,,,,,
Kepala Dinas Perdagangan dan Perindustrian,Instansi Daerah,Pemerintah Daerah,,,,,,,,
"Kepala Dinas Perdagangan Perindustrian, Koperasi, Usaha Kecil dan Menengah",Instansi Daerah,Pemerintah Daerah,,,,,,,,
"Kepala Dinas Perdagangan, Koperasi, Usaha Kecil dan Menengah",Instansi Daerah,Pemerintah Daerah,,,,,,,,
"Kepala Dinas Perdagangan, Perindustrian, Koperasi dan Usaha Kecil Menengah",Instansi Daerah,Pemerintah Daerah,,,,,,,,
Kepala Dinas Perhubungan,Instansi Daerah,Pemerintah Daerah,,,,,,,,
Kepala Dinas Perindustrian Perdagangan Koperasi dan UMKM,Instansi Daerah,Pemerintah Daerah,,,,,,,,
"Kepala Dinas Perindustrian, Perdagangan dan Tenaga Kerja",Instansi Daerah,Pemerintah Daerah,,,,,,,,
"Kepala Dinas Perkebunan, Peternakan dan Kesehatan Hewan",Instansi Daerah,Pemerintah Daerah,,,,,,,,
Kepala Dinas Perpustakaan,Instansi Daerah,Pemerintah Daerah,,,,,,,,
Kepala Dinas Perpustakaan dan Kearsipan,Instansi Daerah,Pemerintah Daerah,,,,,,,,
Kepala Dinas Pertanahan,Instansi Daerah,Pemerintah Daerah,,,,,,,,
Kepala Dinas Pertanahan dan Penataan Ruang,Instansi Daerah,Pemerintah Daerah,,,,,,,,
Kepala Dinas Pertanian,Instansi Daerah,Pemerintah Daerah,,,,,,,,
Kepala Dinas Pertanian dan Pangan,Instansi Daerah,Pemerintah Daerah,,,,,,,,
Kepala Dinas Pertanian dan Perikanan,Instansi Daerah,Pemerintah Daerah,,,,,,,,
Kepala Dinas Pertanian dan Perkebunan,Instansi Daerah,Pemerintah Daerah,,,,,,,,
Kepala Dinas Pertanian Pangan dan Perikanan,Instansi Daerah,Pemerintah Daerah,,,,,,,,
"Kepala Dinas Pertanian, Perkebunan dan Peternakan",Instansi Daerah,Pemerintah Daerah,,,,,,,,
Kepala Dinas Perumahan dan Kawasan Permukiman dan Pertanahan,Instansi Daerah,Pemerintah Daerah,,,,,,,,
Kepala Dinas Perumahan dan Kawasan Permukiman dan Sumber Daya Air Bina Marga Bina Konstruksi Pekerjaan Umum Tata Ruang,Instansi Daerah,Pemerintah Daerah,,,,,,,,
"Kepala Dinas Perumahan Rakyat, Kawasan Permukiman dan Lingkungan Hidup",Instansi Daerah,Pemerintah Daerah,,,,,,,,
"Kepala Dinas Perumahan, Kawasan Pemukiman dan Pertanahan",Instansi Daerah,Pemerintah Daerah,,,,,,,,
Kepala Dinas Peternakan,Instansi Daerah,Pemerintah Daerah,,,,,,,,
Kepala Dinas Peternakan dan Kesehatan Hewan,Instansi Daerah,Pemerintah Daerah,,,,,,,,
Kepala Dinas Sosial,Instansi Daerah,Pemerintah Daerah,,,,,,,,
"Kepala Dinas Sosial Pengendalian Penduduk, Keluarga Berencana, Pemberdayaan Perempuan dan Perlindungan Anak",Instansi Daerah,Pemerintah Daerah,,,,,,,,
"Kepala Dinas Sosial, Pemberdayaan Masyarakat dan Desa",Instansi Daerah,Pemerintah Daerah,,,,,,,,
Kepala Dinas Tanaman Pangan dan Holtikultura,Instansi Daerah,Pemerintah Daerah,,,,,,,,
"Kepala Dinas Tanaman Pangan, Holtikultura dan Perkebunan",Instansi Daerah,Pemerintah Daerah,,,,,,,,
Kepala Dinas Tenaga Kerja,Instansi Daerah,Pemerintah Daerah,,,,,,,,
Kepala Dinas Transmigrasi dan Tenaga Kerja,Instansi Daerah,Pemerintah Daerah,,,,,,,,
Kepala Kantor Wilayah Badan Pertanahan Nasional,Instansi Daerah,Pemerintah Daerah,,,,,,,,
Kepala Kantor Wilayah Kementerian Agama Provinsi,Tertentu (Kementerian Agama),Pemerintah Pusat,,,,,,,,
Kepala Perwakilan Badan Kependudukan dan Keluarga Berencana Nasional,Tertentu (BKKBN),Pemerintah Pusat,,,,,,,,
Kepala Pusat Data dan Informasi,Instansi Daerah,Pemerintah Daerah,,,,,,,,
Kepala Pusat Kajian Daerah dan Anggaran,Instansi Pusat,Pemerintah Pusat,,,,,,,,
"Kepala Pusat Krisis Kesehatan, Sekretariat Jenderal",Tertentu (Kementerian Kesehatan),Pemerintah Pusat,,,,,,,,
Kepala Pusat Pendidikan dan Pelatihan Penanggulangan Bencana,Tertentu (Badan Nasional Penanggulangan Bencana),Pemerintah Pusat,,,,,,,,
Kepala Pusat Penelitian Biologi,Tertentu (Lembaga Ilmu Pengetahuan Indonesia),Pemerintah Pusat,,,,,,,,
Kepala Pusat Penelitian Biomaterial,Tertentu (Lembaga Ilmu Pengetahuan Indonesia),Pemerintah Pusat,,,,,,,,
Kepala Pusat Penelitian Bioteknologi,Tertentu (Lembaga Ilmu Pengetahuan Indonesia),Pemerintah Pusat,,,,,,,,
Kepala Pusat Penelitian dan Pengembangan Inovasi Daerah,Tertentu (Kemendagri),Pemerintah Pusat,,,,,,,,
Kepala Pusat Penelitian Konservasi Tumbuhan dan Kebun Raya,Tertentu (Lembaga Ilmu Pengetahuan Indonesia),Pemerintah Pusat,,,,,,,,
Kepala Pusat Pengkajian dan Pengembangan Kebijakan Kawasan Asia Pasifik dan Afrika,Tertentu (Kemenlu),Pemerintah Pusat,,,,,,,,
Kepala Pusat Pengkajian dan Pengembangan Kebijakan Multilateral,Tertentu (Kemenlu),Pemerintah Pusat,,,,,,,,
Kepala Pusat Peningkatan Mutu Sumber Daya Manusia Kesehatan,Tertentu (Kementerian Kesehatan),Pemerintah Pusat,,,,,,,,
Kepala Pusat Perencanaan Kepegawaian dan Formasi,Tertentu (Badan Kepegawaian Negara),Pemerintah Pusat,,,,,,,,
Kepala Satuan Pengawas Intern,Instansi Daerah,Pemerintah Daerah,,,,,,,,
Kepala Satuan Polisi Pamong Praja,Instansi Daerah,Pemerintah Daerah,,,,,,,,
Kepala Unsur Pelaksana Badan Penanggulangan Bencana Daerah,Instansi Daerah,Pemerintah Daerah,,,,,,,,
Kepala UPT Perpustakaan,Tertentu (Perpusnas),Pemerintah Pusat,,,,,,,,
Kepala/Wakil Badan Pendapatan Daerah (Pajak dan Retribusi Daerah),Instansi Daerah,Pemerintah Daerah,,,,,,,,
Sekretaris Badan Pengkajian dan Pengembangan Kebijakan,Instansi Pusat,Pemerintah Pusat,,,,,,,,
Sekretaris Daerah,Instansi Daerah,Pemerintah Daerah,,,,,,,,
Sekretaris Deputi Bidang Koordinasi Infrastruktur Dan Transportasi,Tertentu (Kementerian Koordinator Bidang Kemaritiman dan Investasi),Pemerintah Pusat,,,,,,,,
Sekretaris Deputi Bidang Koordinasi Pariwisata Dan Ekonomi Kreatif,Tertentu (Kementerian Koordinator Bidang Kemaritiman dan Investasi),Pemerintah Pusat,,,,,,,,
Sekretaris Deputi Bidang Koordinasi Pengelolaan Lingkungan Dan Kehutanan,Tertentu (Kementerian Koordinator Bidang Kemaritiman dan Investasi),Pemerintah Pusat,,,,,,,,
Sekretaris Dewan Perwakilan Rakyat Daerah,Instansi Daerah,Pemerintah Daerah,,,,,,,,
Sekretaris Direktorat Jenderal Hubungan Hukum Keagrariaan,Tertentu (Kementerian Agraria dan Tata Ruang),Pemerintah Pusat,,,,,,,,
Sekretaris Direktorat Jenderal Infrastruktur Keagrariaan,Tertentu (Kementerian Agraria dan Tata Ruang),Pemerintah Pusat,,,,,,,,
Sekretaris Direktorat Jenderal Pengendalian Pemanfaatan Ruang dan Penguasaan Tanah,Tertentu (Kementerian Agraria dan Tata Ruang),Pemerintah Pusat,,,,,,,,
"Staf Ahli Bidang Ekonomi, Pembangunan dan Keuangan",Instansi Daerah,Pemerintah Daerah,,,,,,,,
Staf Ahli Bidang Kemasyarakatan dan Sumber Daya Manusia,Instansi Daerah,Pemerintah Daerah,,,,,,,,
Staf Ahli Bidang Pembangunan Ekonomi dan Keuangan,Instansi Daerah,Pemerintah Daerah,,,,,,,,
"Staf Ahli Bidang Ekonomi, Keuangan dan Pembangunan",Instansi Daerah,Pemerintah Daerah,,,,,,,,
"Staf Ahli Bidang Ekonomi, Pembangunan, Kemasyarakatan, Keuangan, Administrasi",Instansi Daerah,Pemerintah Daerah,,,,,,,,
Staf Ahli Bidang Hukum dan Pemerintahan,Instansi Daerah,Pemerintah Daerah,,,,,,,,
"Staf Ahli Bidang Hukum, Politik dan Pemerintahan, Kesejahteraan Rakyat",Instansi Daerah,Pemerintah Daerah,,,,,,,,
"Staf Ahli Bidang Hukum, Politik Pemerintahan",Instansi Daerah,Pemerintah Daerah,,,,,,,,
Staf Ahli Bidang Industri,Tertentu (Kementerian Bumn),Pemerintah Pusat,,,,,,,,
Staf Ahli Bidang Kemasyarakatan dan Sumber Daya Manusia,Instansi Daerah,Pemerintah Daerah,,,,,,,,
Staf Ahli Bidang Ketatalaksanaan dan Keuangan,Instansi Daerah,Pemerintah Daerah,,,,,,,,
Staf Ahli Bidang Landreform dan Hak Masyarakat Atas Tanah,Tertentu (Kementerian Agraria dan Tata Ruang),Pemerintah Pusat,,,,,,,,
Staf Ahli Bidang Manajemen Konektivitas,Instansi Pusat,Pemerintah Pusat,,,,,,,,
Staf Ahli Bidang Pembangunan dan Kesejahteraan Rakyat,Instansi Daerah,Pemerintah Daerah,,,,,,,,
"Staf Ahli Bidang Pembangunan, Ekonomi dan Keuangan",Instansi Daerah,Pemerintah Daerah,,,,,,,,
"Staf Ahli Bidang Pembangunan, Kemasyarakatan dan Sumber Daya Manusia",Instansi Daerah,Pemerintah Daerah,,,,,,,,
"Staf Ahli Bidang Pemerintah, Sosial dan Kemasyarakatan",Instansi Daerah,Pemerintah Daerah,,,,,,,,
Staf Ahli Bidang Pemerintahan,Instansi Daerah,Pemerintah Daerah,,,,,,,,
Staf Ahli Bidang Pemerintahan dan Hukum,Instansi Daerah,Pemerintah Daerah,,,,,,,,
"Staf Ahli Bidang Pemerintahan, Hukum dan Politik",Instansi Daerah,Pemerintah Daerah,,,,,,,,
"Staf Ahli Bidang Perekonomian, Keuangan dan Pembangunan",Instansi Daerah,Pemerintah Daerah,,,,,,,,
Staf Ahli Bidang Sosial Budaya,Instansi Daerah,Pemerintah Daerah,,,,,,,,
Staf Ahli Bidang Sosial Budaya dan Kemasyarakatan,Instansi Daerah,Pemerintah Daerah,,,,,,,,
"Staf Ahli Ekonomi, Pembangunan dan Keuangan",Instansi Daerah,Pemerintah Daerah,,,,,,,,
Staf Ahli Menteri Bidang Penguatan Kemampuan Industri Dalam Negeri,Tertentu (Kementerian Perindustrian),Pemerintah Pusat,,,,,,,,
Stah Ahli Bidang Kesejahteraan Rakyat dan Sumber Daya Manusia,Instansi Daerah,Pemerintah Daerah,,,,,,,,
Asisten Deputi Bidang Industri Energi Minyak dan Gas,Tertentu (Kementerian Bumn),Pemerintah Pusat,,,,,,,,
Asisten Deputi Bidang Industri Kesehatan,Tertentu (Kementerian Badan Usaha Milik Negara),Pemerintah Pusat,,,,,,,,
Asisten Deputi Bidang Industri Manufaktur,Tertentu (Kementerian Bumn),Pemerintah Pusat,,,,,,,,
Asisten Deputi Bidang Industri Mineral dan Batu Bara,Tertentu (Kementerian Bumn),Pemerintah Pusat,,,,,,,,
Asisten Deputi Bidang Industri Pangan dan Pupuk,Tertentu (Kementerian Bumn),Pemerintah Pusat,,,,,,,,
Asisten Deputi Bidang Industri Perkebunan dan Kehutanan,Tertentu (Kementerian Bumn),Pemerintah Pusat,,,,,,,,
Asisten Deputi Bidang Jasa Asuransi dan Dana Pensiun,Tertentu (Kementerian Bumn),Pemerintah Pusat,,,,,,,,
Asisten Deputi Bidang Jasa Infrastruktur,Tertentu (Kementerian Bumn),Pemerintah Pusat,,,,,,,,
Asisten Deputi Bidang Jasa Keuangan,Tertentu (Kementerian Bumn),Pemerintah Pusat,,,,,,,,
Asisten Deputi Bidang Jasa Logistik,Tertentu (Kementerian Bumn),Pemerintah Pusat,,,,,,,,
Asisten Deputi Bidang Jasa Pariwisata dan Pendukung,Tertentu (Kementerian Bumn),Pemerintah Pusat,,,,,,,,
Asisten Deputi Bidang Jasa Telekomunikasi dan Media,Tertentu (Kementerian Bumn),Pemerintah Pusat,,,,,,,,
Asisten Deputi Ekonomi dan Keuangan,Tertentu (Setwapres),Pemerintah Pusat,,,,,,,,
Asisten Deputi Hubungan Lembaga Negara dan Lembaga Masyarakat,Tertentu (Kementerian Sekretariat Negara),Pemerintah Pusat,,,,,,,,
Asisten Deputi Hubungan Luar Negeri,Tertentu (Kementerian Sekretariat Negara),Pemerintah Pusat,,,,,,,,
"Asisten Deputi Industri, Perdagangan, Pariwisata, dan Ekonomi Kreatif",Tertentu (Kementerian Sekretariat Negara),Pemerintah Pusat,,,,,,,,
"Asisten Deputi Infrastruktur, Ketahanan Energi, dan Sumber Daya Alam",Tertentu (Kementerian Sekretariat Negara),Pemerintah Pusat,,,,,,,,
Asisten Deputi Kelembagaan dan Tata Laksana Pembangunan Manusia dan Kebudayaan,Tertentu (Kementerian Pendayagunaan Aparatur Negara dan Reformasi Birokrasi),Pemerintah Pusat,,,,,,,,
"Asisten Deputi Kelembagaan dan Tata Laksana Perekonomian, Kemaritiman dan Investasi",Tertentu (Kementerian Pendayagunaan Aparatur Negara dan Reformasi Birokrasi),Pemerintah Pusat,,,,,,,,
"Asisten Deputi Kelembagaan dan Tata Laksana Politik, Hukum, dan Keamanan dan Pemerintah Daerah",Tertentu (Kementerian Pendayagunaan Aparatur Negara dan Reformasi Birokrasi),Pemerintah Pusat,,,,,,,,
Asisten Deputi Koordinasi dan Fasilitasi Strategi Pengembangan Praktik Terbaik Pelayanan Publik,Tertentu (Kementerian Pendayagunaan Aparatur Negara dan Reformasi Birokrasi),Pemerintah Pusat,,,,,,,,
Asisten Deputi Koordinasi Pelaksanaan Kebijakan dan Evaluasi Reformasi Birokrasi Akuntabilitas Aparatur dan Pengawasan,Tertentu (Kementerian Pendayagunaan Aparatur Negara dan Reformasi Birokrasi),Pemerintah Pusat,,,,,,,,
Asisten Deputi Manajemen Talenta dan Peningkatan Kapasitas Sumber Daya Manusia Aparatur,Tertentu (Kementerian Pendayagunaan Aparatur Negara dan Reformasi Birokrasi),Pemerintah Pusat,,,,,,,,
Asisten Deputi Pemberdayaan Partisipasi Masyarakat,Tertentu (Kementerian Pendayagunaan Aparatur Negara dan Reformasi Birokrasi),Pemerintah Pusat,,,,,,,,
Asisten Deputi Pembiayaan dan Investasi Usaha Kecil Menengah,Tertentu (Kementerian Koperasi Dan Usaha Kecil Dan Menengah),Pemerintah Pusat,,,,,,,,
"Asisten Deputi Pemetaan Data,  Analisis dan Pengkajian  Usaha",Tertentu (Kementerian Koperasi Dan Usaha Kecil Dan Menengah),Pemerintah Pusat,,,,,,,,
Asisten Deputi Pengaduan Masyarakat,Tertentu (Kementerian Sekretariat Negara),Pemerintah Pusat,,,,,,,,
Asisten Deputi Pengembangan dan Pembaruan Koperasi,Tertentu (Kementerian Koperasi Dan Usaha Kecil Dan Menengah),Pemerintah Pusat,,,,,,,,
Asisten Deputi Pengembangan Kawasan dan Rantai Pasok Usaha Kecil Menengah,Tertentu (Kementerian Koperasi Dan Usaha Kecil Dan Menengah),Pemerintah Pusat,,,,,,,,
Asisten Deputi Pengembangan Teknologi Informasi Usaha dan Inkubasi Wirausaha,Tertentu (Kementerian Koperasi Dan Usaha Kecil Dan Menengah),Pemerintah Pusat,,,,,,,,
Asisten Deputi Penguatan Budaya Kerja Sumber Daya Manusia Aparatur,Tertentu (Kementerian Pendayagunaan Aparatur Negara dan Reformasi Birokrasi),Pemerintah Pusat,,,,,,,,
Asisten Deputi Peningkatan Kinerja dan Sistem Penghargaan Sumber Daya Manusia Aparatur,Tertentu (Kementerian Pendayagunaan Aparatur Negara dan Reformasi Birokrasi),Pemerintah Pusat,,,,,,,,
"Asisten Deputi Perancangan Jabatan, Perencanaan, dan Pengadaan Sumber Daya Manusia Aparatur",Tertentu (Kementerian Pendayagunaan Aparatur Negara dan Reformasi Birokrasi),Pemerintah Pusat,,,,,,,,
Asisten Deputi Percepatan Transformasi Digital Manajemen Aparatur Sipil Negara,Tertentu (Kementerian Pendayagunaan Aparatur Negara dan Reformasi Birokrasi),Pemerintah Pusat,,,,,,,,
Asisten Deputi Perekonomian,Tertentu (Kementerian Sekretariat Negara),Pemerintah Pusat,,,,,,,,
Asisten Deputi Perlindungan dan Kemudahan Usaha Mikro,Tertentu (Kementerian Koperasi Dan Usaha Kecil Dan Menengah),Pemerintah Pusat,,,,,,,,
Asisten Deputi Perumusan dan Koordinasi Kebijakan Penerapan Akuntabilitas Aparatur dan Pengawasan,Tertentu (Kementerian Pendayagunaan Aparatur Negara dan Reformasi Birokrasi),Pemerintah Pusat,,,,,,,,
Asisten Deputi Perumusan dan Koordinasi Kebijakan Penerapan Reformasi Birokrasi,Tertentu (Kementerian Pendayagunaan Aparatur Negara dan Reformasi Birokrasi),Pemerintah Pusat,,,,,,,,
Asisten Deputi Perumusan Kebijakan dan Koordinasi Penerapan Sistem Pemerintahan Berbasis Elektronik,Tertentu (Kementerian Pendayagunaan Aparatur Negara dan Reformasi Birokrasi),Pemerintah Pusat,,,,,,,,
Asisten Deputi Perumusan Kebijakan Sistem Kelembagaan dan Tata Laksana,Tertentu (Kementerian Pendayagunaan Aparatur Negara dan Reformasi Birokrasi),Pemerintah Pusat,,,,,,,,
Asisten Deputi Perumusan Sistem dan Strategi Kebijakan Pelayanan Publik,Tertentu (Kementerian Pendayagunaan Aparatur Negara dan Reformasi Birokrasi),Pemerintah Pusat,,,,,,,,
"Asisten Deputi Politik, Hukum dan Otonomi Daerah ",Tertentu (Kementerian Sekretariat Negara),Pemerintah Pusat,,,,,,,,
"Asisten Deputi Politik, Hukum, dan Keamanan",Tertentu (Kementerian Sekretariat Negara),Pemerintah Pusat,,,,,,,,
Asisten Deputi Sistem Transformasi Digital Pelayanan Publik,Tertentu (Kementerian Pendayagunaan Aparatur Negara dan Reformasi Birokrasi),Pemerintah Pusat,,,,,,,,
Asisten Deputi Strandardisasi Pelayanan Publik dan Pelayanan Inklusif,Tertentu (Kementerian Pendayagunaan Aparatur Negara dan Reformasi Birokrasi),Pemerintah Pusat,,,,,,,,
Asisten Deputi Tata Kelola Pemerintahan,Tertentu (Kementerian Sekretariat Negara),Pemerintah Pusat,,,,,,,,
Asisten Deputi Wawasan Kebangsaan dan Pertahanan Keamanan ,Tertentu (Kementerian Sekretariat Negara),Pemerintah Pusat,,,,,,,,
Badan Penelitian dan Pengembangan,Instansi Pusat - Daerah,Pemerintah Daerah,,,,,,,,
Deputi Bidang Ekonomi Digital dan Produk Kreatif,Tertentu (Kementerian Pariwisata Dan Ekonomi Kreatif),Pemerintah Pusat,,,,,,,,
Deputi Bidang Hukum dan Penyelesaian Sanggah,Tertentu (Lembaga Kebijakan Pengadaan Barang/Jasa Pemerintah),Pemerintah Pusat,,,,,,,,
Deputi Bidang Industri dan Investasi,Tertentu (Kementerian Pariwisata Dan Ekonomi Kreatif),Pemerintah Pusat,,,,,,,,
Deputi Bidang Informasi Geospasial Tematik,Tertentu (Badan Informasi Geospasial),Pemerintah Pusat,,,,,,,,
Deputi Bidang Keamanan Siber dan Sandi Pemerintahan dan Pembangunan Manusia,Tertentu (Badan Siber Dan Sandi Negara),Pemerintah Pusat,,,,,,,,
Deputi Bidang Keamanan Siber dan Sandi Perekonomian,Tertentu (Badan Siber Dan Sandi Negara),Pemerintah Pusat,,,,,,,,
Deputi Bidang Kelembagaan dan Tata Laksana,Tertentu (Kementerian Pendayagunaan Aparatur Negara dan Reformasi Birokrasi),Pemerintah Pusat,,,,,,,,
"Deputi Bidang Monitoring, Evaluasi dan Pengembangan Sistem Informasi",Tertentu (Lembaga Kebijakan Pengadaan Barang/Jasa Pemerintah),Pemerintah Pusat,,,,,,,,
Deputi Bidang Pelayanan Publik,Tertentu (Kementerian Pendayagunaan Aparatur Negara dan Reformasi Birokrasi),Pemerintah Pusat,,,,,,,,
Deputi Bidang Pemasaran,Tertentu (Kementerian Pariwisata Dan Ekonomi Kreatif),Pemerintah Pusat,,,,,,,,
Deputi Bidang Pengembangan dan Pembinaan Sumber Daya Manusia,Tertentu (Lembaga Kebijakan Pengadaan Barang/Jasa Pemerintah),Pemerintah Pusat,,,,,,,,
Deputi Bidang Pengembangan Destinasi dan Infrastruktur,Tertentu (Kementerian Pariwisata Dan Ekonomi Kreatif),Pemerintah Pusat,,,,,,,,
Deputi Bidang Pengembangan Strategi dan Kebijakan,Tertentu (Lembaga Kebijakan Pengadaan Barang/Jasa Pemerintah),Pemerintah Pusat,,,,,,,,
Deputi Bidang Produk Wisata dan Penyelenggara Kegiatan (Events),Tertentu (Kementerian Pariwisata Dan Ekonomi Kreatif),Pemerintah Pusat,,,,,,,,
"Deputi Bidang Reformasi Birokrasi, Akuntabilitas Aparatur dan Pengawasan",Tertentu (Kementerian Pendayagunaan Aparatur Negara dan Reformasi Birokrasi),Pemerintah Pusat,,,,,,,,
Deputi Bidang Sumber Daya dan Kelembagaan,Tertentu (Kementerian Pariwisata Dan Ekonomi Kreatif),Pemerintah Pusat,,,,,,,,
Deputi Bidang Sumber Daya Manusia Aparatur,Tertentu (Kementerian Pendayagunaan Aparatur Negara dan Reformasi Birokrasi),Pemerintah Pusat,,,,,,,,
Deputi Pencegahan,Tertentu (Badan Narkotika Nasional),Pemerintah Pusat,,,,,,,,
Deputi Penempatan dan Pelindungan Pekerja Migran Indonesia,Tertentu (Badan Pelindungan Pekerja Migran Indonesia),Pemerintah Pusat,,,,,,,,
Direktorat Jenderal Rehabilitasi Sosial,Tertentu (Kementerian Sosial),Pemerintah Pusat,,,,,,,,
Direktur  Kepatuhan Internal dan Transformasi Sumber Daya Aparatur,Tertentu (Kementerian Keuangan),Pemerintah Pusat,,,,,,,,
Direktur Advokasi,Tertentu (Badan Narkotika Nasional),Pemerintah Pusat,,,,,,,,
Direktur Advokasi Pemerintah Daerah,Tertentu (Lembaga Kebijakan Pengadaan Barang/Jasa Pemerintah),Pemerintah Pusat,,,,,,,,
Direktur Advokasi Pemerintah Pusat,Tertentu (Lembaga Kebijakan Pengadaan Barang/Jasa Pemerintah),Pemerintah Pusat,,,,,,,,
Direktur Air Tanah dan Air Baku,Tertentu (Kementerian Pekerjaan Umum Dan Perumahan Rakyat),Pemerintah Pusat,,,,,,,,
Direktur Akses Pembiayaan,Tertentu (Kementerian Pariwisata Dan Ekonomi Kreatif),Pemerintah Pusat,,,,,,,,
Direktur Akuntansi dan Pelaporan Keuangan,Tertentu (Kementerian Keuangan),Pemerintah Pusat,,,,,,,,
"Direktur Aplikasi, Permainan, TV, dan Radio",Tertentu (Kementerian Pariwisata Dan Ekonomi Kreatif),Pemerintah Pusat,,,,,,,,
Direktur Arsip Kepegawaian,Tertentu (Badan Kepegawaian Negara),Pemerintah Pusat,,,,,,,,
Direktur Bendungan dan Danau,Tertentu (Kementerian Pekerjaan Umum Dan Perumahan Rakyat),Pemerintah Pusat,,,,,,,,
Direktur Bina Haji,Tertentu (Kementerian Agama),Pemerintah Pusat,,,,,,,,
Direktur Bina Operasi dan Pemeliharaan,Tertentu (Kementerian Pekerjaan Umum Dan Perumahan Rakyat),Pemerintah Pusat,,,,,,,,
Direktur Bina Teknik Sumber Daya Air,Tertentu (Kementerian Pekerjaan Umum Dan Perumahan Rakyat),Pemerintah Pusat,,,,,,,,
Direktur Dana Transfer Khusus,Tertentu (Kementerian Keuangan),Pemerintah Pusat,,,,,,,,
Direktur Dana Transfer Umum,Tertentu (Kementerian Keuangan),Pemerintah Pusat,,,,,,,,
Direktur Data dan Informasi Perpajakan,Tertentu (Kementerian Keuangan),Pemerintah Pusat,,,,,,,,
Direktur Ekstensifikasi dan Penilaian,Tertentu (Kementerian Keuangan),Pemerintah Pusat,,,,,,,,
Direktur Event Daerah,Tertentu (Kementerian Pariwisata Dan Ekonomi Kreatif),Pemerintah Pusat,,,,,,,,
Direktur Event Nasional dan Internasional,Tertentu (Kementerian Pariwisata Dan Ekonomi Kreatif),Pemerintah Pusat,,,,,,,,
Direktur Fasilitas dan Jasa,Tertentu (Kementerian Pertahanan),Pemerintah Pusat,,,,,,,,
Direktur Fasilitas Kepabeanan,Tertentu (Kementerian Keuangan),Pemerintah Pusat,,,,,,,,
Direktur Fasilitas Pelayanan Kesehatan,Tertentu (Kementerian Kesehatan),Pemerintah Pusat,,,,,,,,
Direktur Fasilitasi Kekayaan Intelektual,Tertentu (Kementerian Pariwisata Dan Ekonomi Kreatif),Pemerintah Pusat,,,,,,,,
Direktur Gizi Masyarakat,Tertentu (Kementerian Kesehatan),Pemerintah Pusat,,,,,,,,
Direktur Hubungan Antarlembaga,Tertentu (Kementerian Pariwisata Dan Ekonomi Kreatif),Pemerintah Pusat,,,,,,,,
Direktur Hukum dan Perjanjian Ekonomi,Tertentu (Kementerian Luar Negeri),Pemerintah Pusat,,,,,,,,
Direktur Hukum dan Perjanjian Kewilayahan,Tertentu (Kementerian Luar Negeri),Pemerintah Pusat,,,,,,,,
Direktur Hukum dan Perjanjian Politik dan Keamanan,Tertentu (Kementerian Luar Negeri),Pemerintah Pusat,,,,,,,,
Direktur Hukum dan Perjanjian Sosial Budaya,Tertentu (Kementerian Luar Negeri),Pemerintah Pusat,,,,,,,,
Direktur Informasi dan Edukasi,Tertentu (Badan Narkotika Nasional),Pemerintah Pusat,,,,,,,,
Direktur Infrastruktur Ekonomi Kreatif,Tertentu (Kementerian Pariwisata Dan Ekonomi Kreatif),Pemerintah Pusat,,,,,,,,
Direktur Infrastruktur Teknologi Informasi,Tertentu (Badan Kepegawaian Negara),Pemerintah Pusat,,,,,,,,
Direktur Intelijen Perpajakan,Tertentu (Kementerian Keuangan),Pemerintah Pusat,,,,,,,,
Direktur Irigasi dan Rawa,Tertentu (Kementerian Pekerjaan Umum Dan Perumahan Rakyat),Pemerintah Pusat,,,,,,,,
Direktur Jabatan Aparatur Sipil Negara,Tertentu (Badan Kepegawaian Negara),Pemerintah Pusat,,,,,,,,
Direktur Jenderal Anggaran,Tertentu (Kementerian Keuangan),Pemerintah Pusat,,,,,,,,
Direktur Jenderal Bea dan Cukai,Tertentu (Kementerian Keuangan),Pemerintah Pusat,,,,,,,,
Direktur Jenderal Direktorat Jenderal Kefarmasian dan Alat Kesehatan,Tertentu (Kementerian Kesehatan),Pemerintah Pusat,,,,,,,,
Direktur Jenderal Hukum dan Perjanjian Internasional,Tertentu (Kementerian Luar Negeri),Pemerintah Pusat,,,,,,,,
Direktur Jenderal Kekayaan Negara,Tertentu (Kementerian Keuangan),Pemerintah Pusat,,,,,,,,
Direktur Jenderal Kesehatan Masyarakat,Tertentu (Kementerian Keuangan),Pemerintah Pusat,,,,,,,,
Direktur Jenderal Pajak,Tertentu (Kementerian Keuangan),Pemerintah Pusat,,,,,,,,
Direktur Jenderal Pencegahan Dan Pengendalian Penyakit,Tertentu (Kementerian Kesehatan),Pemerintah Pusat,,,,,,,,
Direktur Jenderal Pengawasan Sumber Daya Kelautan dan Perikanan,Tertentu (Kementerian Kelautan Dan Perikanan),Pemerintah Pusat,,,,,,,,
Direktur Jenderal Pengelolaan Pembiayaan dan Risiko,Tertentu (Kementerian Keuangan),Pemerintah Pusat,,,,,,,,
Direktur Jenderal Penguatan Daya Saing Produk Kelautan dan Perikanan,Tertentu (Kementerian Kelautan Dan Perikanan),Pemerintah Pusat,,,,,,,,
Direktur Jenderal Perbendaharaan,Tertentu (Kementerian Keuangan),Pemerintah Pusat,,,,,,,,
Direktur Jenderal Perikanan Budidaya,Tertentu (Kementerian Kelautan Dan Perikanan),Pemerintah Pusat,,,,,,,,
Direktur Jenderal Perikanan Tangkap,Tertentu (Kementerian Kelautan Dan Perikanan),Pemerintah Pusat,,,,,,,,
Direktur Jenderal Perimbangan Keuangan,Tertentu (Kementerian Keuangan),Pemerintah Pusat,,,,,,,,
Direktur Jenderal Tenaga Kesehatan,Tertentu (Kementerian Keuangan),Pemerintah Pusat,,,,,,,,
Direktur Kapal Perikanan dan Alat Penangkap Ikan ,Tertentu (Kementerian Kelautan Dan Perikanan),Pemerintah Pusat,,,,,,,,
Direktur Kawasan dan Kesehatan Ikan,Tertentu (Kementerian Kelautan Dan Perikanan),Pemerintah Pusat,,,,,,,,
Direktur Keamanan Siber dan Sandi Energi dan Sumber Daya Alam,Tertentu (Badan Siber Dan Sandi Negara),Pemerintah Pusat,,,,,,,,
Direktur Keamanan Siber dan Sandi Industri,Tertentu (Badan Siber Dan Sandi Negara),Pemerintah Pusat,,,,,,,,
"Direktur Keamanan Siber dan Sandi Keuangan, Perdagangan dan Pariwisata",Tertentu (Badan Siber Dan Sandi Negara),Pemerintah Pusat,,,,,,,,
Direktur Keamanan Siber dan Sandi Pembangunan Manusia,Tertentu (Badan Siber Dan Sandi Negara),Pemerintah Pusat,,,,,,,,
Direktur Keamanan Siber dan Sandi Pemerintah Daerah,Tertentu (Badan Siber Dan Sandi Negara),Pemerintah Pusat,,,,,,,,
Direktur Keamanan Siber dan Sandi Pemerintah Pusat,Tertentu (Badan Siber Dan Sandi Negara),Pemerintah Pusat,,,,,,,,
"Direktur Keamanan Siber dan Sandi Teknologi Informasi dan Komunikasi, Media dan Transportasi",Tertentu (Badan Siber Dan Sandi Negara),Pemerintah Pusat,,,,,,,,
Direktur Keberatan dan Banding,Tertentu (Kementerian Keuangan),Pemerintah Pusat,,,,,,,,
Direktur Kebijakan Analisa Lingkungan Strategis,Tertentu (Kementerian Pertahanan),Pemerintah Pusat,,,,,,,,
Direktur Kebijakan Sumber Daya Manusia Keamanan Siber dan Sandi,Tertentu (Badan Siber Dan Sandi Negara),Pemerintah Pusat,,,,,,,,
Direktur Kekayaan Negara Dipisahkan,Tertentu (Kementerian Keuangan),Pemerintah Pusat,,,,,,,,
Direktur Kepatuhan Intern,Tertentu (Kementerian Pekerjaan Umum Dan Perumahan Rakyat),Pemerintah Pusat,,,,,,,,
Direktur Kepelabuhan Perikanan,Tertentu (Kementerian Kelautan Dan Perikanan),Pemerintah Pusat,,,,,,,,
Direktur Kesehatan ,Instansi Pusat,Pemerintah Pusat,,,,,,,,
"Direktur Ketenagalistrikan, Telekomunikasi dan Informatika",Tertentu (Kementerian Ppn/Bappenas),Pemerintah Pusat,,,,,,,,
Direktur Kinerja Aparatur Sipil Negara,Tertentu (Badan Kepegawaian Negara),Pemerintah Pusat,,,,,,,,
Direktur Komunikasi Pemasaran,Tertentu (Kementerian Pariwisata Dan Ekonomi Kreatif),Pemerintah Pusat,,,,,,,,
"Direktur Kuliner, Kriya, Desain, dan Fesyen",Tertentu (Kementerian Pariwisata Dan Ekonomi Kreatif),Pemerintah Pusat,,,,,,,,
Direktur Lelang,Tertentu (Kementerian Keuangan),Pemerintah Pusat,,,,,,,,
Direktur Logistik,Tertentu (Kementerian Kelautan Dan Perikanan),Pemerintah Pusat,,,,,,,,
Direktur Manajemen Industri,Tertentu (Kementerian Pariwisata Dan Ekonomi Kreatif),Pemerintah Pusat,,,,,,,,
Direktur Manajemen Investasi,Tertentu (Kementerian Pariwisata Dan Ekonomi Kreatif),Pemerintah Pusat,,,,,,,,
"Direktur Musik, Film, dan Animasi",Tertentu (Kementerian Pariwisata Dan Ekonomi Kreatif),Pemerintah Pusat,,,,,,,,
Direktur Operasi Keamanan dan Pengendalian Informasi,Tertentu (Badan Siber Dan Sandi Negara),Pemerintah Pusat,,,,,,,,
Direktur Operasi Sandi,Tertentu (Badan Siber Dan Sandi Negara),Pemerintah Pusat,,,,,,,,
Direktur Pakan dan Obat Ikan,Tertentu (Kementerian Kelautan Dan Perikanan),Pemerintah Pusat,,,,,,,,
Direktur Pelaksanaan Anggaran,Tertentu (Kementerian Keuangan),Pemerintah Pusat,,,,,,,,
Direktur Pelayanan Kefarmasian,Tertentu (Kementerian Kesehatan),Pemerintah Pusat,,,,,,,,
Direktur Pelayanan Kesehatan Primer,Tertentu (Kementerian Kesehatan),Pemerintah Pusat,,,,,,,,
Direktur Pelindungan dan Pemberdayaan,Tertentu (Badan Pelindungan Pekerja Migran Indonesia),Pemerintah Pusat,,,,,,,,
Direktur Pemantauan dan Operasi Armada,Tertentu (Kementerian Kelautan Dan Perikanan),Pemerintah Pusat,,,,,,,,
Direktur Pemasaran,Tertentu (Kementerian Kelautan Dan Perikanan),Pemerintah Pusat,,,,,,,,
Direktur Pemasaran Ekonomi Kreatif,Tertentu (Kementerian Pariwisata Dan Ekonomi Kreatif),Pemerintah Pusat,,,,,,,,
Direktur Pemasaran Pariwisata Nusantara,Tertentu (Kementerian Pariwisata Dan Ekonomi Kreatif),Pemerintah Pusat,,,,,,,,
Direktur Pemasaran Regional I,Tertentu (Kementerian Pariwisata Dan Ekonomi Kreatif),Pemerintah Pusat,,,,,,,,
Direktur Pemasaran Regional II,Tertentu (Kementerian Pariwisata Dan Ekonomi Kreatif),Pemerintah Pusat,,,,,,,,
Direktur Pembangunan dan Pengembangan Sistem Informasi Aparatur Sipil Negara,Tertentu (Badan Kepegawaian Negara),Pemerintah Pusat,,,,,,,,
Direktur Pembiayaan Syariah,Tertentu (Kementerian Keuangan),Pemerintah Pusat,,,,,,,,
Direktur Pemeriksaan dan Penagihan,Tertentu (Kementerian Keuangan),Pemerintah Pusat,,,,,,,,
Direktur Pemeriksaan Norma Ketenagakerjaan dan Keselamatan dan Kesehatan Kerja,Tertentu (Kementerian Ketenagakerjaan),Pemerintah Pusat,,,,,,,,
Direktur Penanganan Pelanggaran,Tertentu (Kementerian Kelautan Dan Perikanan),Pemerintah Pusat,,,,,,,,
Direktur Penanganan Permasalahan Hukum,Tertentu (Lembaga Kebijakan Pengadaan Barang/Jasa Pemerintah),Pemerintah Pusat,,,,,,,,
Direktur Penatagunaan Tanah,Tertentu (Kementerian Agraria dan Tata Ruang),Pemerintah Pusat,,,,,,,,
Direktur Pencegahan dan Pengendalian Penyakit Menular Langsung,Tertentu (Kementerian Kesehatan),Pemerintah Pusat,,,,,,,,
Direktur pencegahan dan Pengendalian Penyakit Tidak Menular,Tertentu (Kementerian Kesehatan),Pemerintah Pusat,,,,,,,,
Direktur Pencegahan dan Pengendalian Penyakit Tular Vektor dan Zoonotik,Tertentu (Kementerian Kesehatan),Pemerintah Pusat,,,,,,,,
Direktur Pendidikan Agama Buddha,Tertentu (Kementerian Agama),Pemerintah Pusat,,,,,,,,
Direktur Penegakan Hukum,Tertentu (Kementerian Keuangan),Pemerintah Pusat,,,,,,,,
Direktur Penempatan,Tertentu (Badan Pelindungan Pekerja Migran Indonesia),Pemerintah Pusat,,,,,,,,
Direktur Penempatan Nonpemerintah,Tertentu (Badan Pelindungan Pekerja Migran Indonesia),Pemerintah Pusat,,,,,,,,
Direktur Penempatan Pemerintah,Tertentu (Badan Pelindungan Pekerja Migran Indonesia),Pemerintah Pusat,,,,,,,,
Direktur Penerimaan Negara Bukan Pajak Sumber Daya Alam dan Kekayaan Negara Dipisahkan,Tertentu (Kementerian Keuangan),Pemerintah Pusat,,,,,,,,
Direktur Pengadaan dan Kepangkatan,Tertentu (Badan Kepegawaian Negara),Pemerintah Pusat,,,,,,,,
Direktur Pengairan dan Irigasi,Tertentu (Kementerian Ppn/Bappenas),Pemerintah Pusat,,,,,,,,
Direktur Pengawasan Pengelolaan Sumber Daya Kelautan,Tertentu (Kementerian Kelautan Dan Perikanan),Pemerintah Pusat,,,,,,,,
Direktur Pengawasan Pengelolaan Sumber Daya Perikanan,Tertentu (Kementerian Kelautan Dan Perikanan),Pemerintah Pusat,,,,,,,,
Direktur Pengelolaan Dukungan Pemerintah dan Pembiayaan Infrastruktur,Tertentu (Kementerian Keuangan),Pemerintah Pusat,,,,,,,,
Direktur Pengelolaan Kas Negara,Tertentu (Kementerian Keuangan),Pemerintah Pusat,,,,,,,,
Direktur Pengelolaan Kekayaan Negara dan Sistem Informasi,Tertentu (Kementerian Keuangan),Pemerintah Pusat,,,,,,,,
Direktur Pengelolaan Sumber Daya Ikan,Tertentu (Kementerian Kelautan Dan Perikanan),Pemerintah Pusat,,,,,,,,
Direktur Pengembangan dan Perencanaan Proyek Infrastruktur Prioritas Nasional,Tertentu (Kementerian Ppn/Bappenas),Pemerintah Pusat,,,,,,,,
Direktur Pengembangan Iklim Usaha dan Kerjasama Internasional,Tertentu (Lembaga Kebijakan Pengadaan Barang/Jasa Pemerintah),Pemerintah Pusat,,,,,,,,
Direktur Pengembangan Kekayaan Intelektual Industri Kreatif,Tertentu (Kementerian Pariwisata Dan Ekonomi Kreatif),Pemerintah Pusat,,,,,,,,
Direktur Pengembangan Profesi dan Kelembagaan,Tertentu (Lembaga Kebijakan Pengadaan Barang/Jasa Pemerintah),Pemerintah Pusat,,,,,,,,
Direktur Pengembangan Sistem Katalog,Tertentu (Lembaga Kebijakan Pengadaan Barang/Jasa Pemerintah),Pemerintah Pusat,,,,,,,,
Direktur Pengembangan Sistem Pengadaan Secara Elektronik,Tertentu (Lembaga Kebijakan Pengadaan Barang/Jasa Pemerintah),Pemerintah Pusat,,,,,,,,
Direktur Pengembangan Strategi dan Kebijakan Pengadaan Khusus,Tertentu (Lembaga Kebijakan Pengadaan Barang/Jasa Pemerintah),Pemerintah Pusat,,,,,,,,
Direktur Pengembangan Strategi dan Kebijakan Pengadaan Umum,Tertentu (Lembaga Kebijakan Pengadaan Barang/Jasa Pemerintah),Pemerintah Pusat,,,,,,,,
Direktur Pengembangan Sumber Daya Manusia Ekonomi Kreatif,Tertentu (Kementerian Pariwisata Dan Ekonomi Kreatif),Pemerintah Pusat,,,,,,,,
Direktur Pengembangan Sumber Daya Manusia Pariwisata,Tertentu (Kementerian Pariwisata Dan Ekonomi Kreatif),Pemerintah Pusat,,,,,,,,
Direktur Pengolahan dan Bina Mutu,Tertentu (Kementerian Kelautan Dan Perikanan),Pemerintah Pusat,,,,,,,,
Direktur Pengolahan Data dan Penyajian Informasi Kepegawaian,Tertentu (Badan Kepegawaian Negara),Pemerintah Pusat,,,,,,,,
Direktur Penilaian,Tertentu (Kementerian Keuangan),Pemerintah Pusat,,,,,,,,
Direktur Peningkatan Kualifikasi Tenaga Kesehatan (Pusat Pendidikan dan Pusat Peningkatan Mutu/Tugas Belajar),Tertentu (Kementerian Kesehatan),Pemerintah Pusat,,,,,,,,
Direktur Pensiun dan Pejabat Negara,Tertentu (Badan Kepegawaian Negara),Pemerintah Pusat,,,,,,,,
Direktur Penyelenggara Kegiatan (Events),Tertentu (Kementerian Pariwisata Dan Ekonomi Kreatif),Pemerintah Pusat,,,,,,,,
"Direktur Penyuluhan, Pelayanan, dan Hubungan Masyarakat",Tertentu (Kementerian Keuangan),Pemerintah Pusat,,,,,,,,
Direktur Penyusunan Anggaran Pendapatan dan Belanja Negara,Tertentu (Kementerian Keuangan),Pemerintah Pusat,,,,,,,,
Direktur Peraturan Perpajakan,Tertentu (Kementerian Keuangan),Pemerintah Pusat,,,,,,,,
Direktur Peraturan Perundang-Undangan,Tertentu (Badan Kepegawaian Negara),Pemerintah Pusat,,,,,,,,
Direktur Perbenihan,Tertentu (Kementerian Kelautan Dan Perikanan),Pemerintah Pusat,,,,,,,,
Direktur Perbenihan Tanaman Hutan,Tertentu (Kementerian Lingkungan Hidup Dan Kehutanan),Pemerintah Pusat,,,,,,,,
Direktur Perencanaan dan Pendayagunaan Tenaga Kesehatan,Tertentu (Kementerian Kesehatan),Pemerintah Pusat,,,,,,,,
"Direktur Perencanaan, Monitoring dan Evaluasi Pengadaan",Tertentu (Lembaga Kebijakan Pengadaan Barang/Jasa Pemerintah),Pemerintah Pusat,,,,,,,,
Direktur Perizinan dan Kenelayanan,Tertentu (Kementerian Kelautan Dan Perikanan),Pemerintah Pusat,,,,,,,,
Direktur Perpajakan Internasional ,Tertentu (Kementerian Keuangan),Pemerintah Pusat,,,,,,,,
"Direktur Pertemuan, Insentif, Konvensi, dan Pameran",Tertentu (Kementerian Pariwisata Dan Ekonomi Kreatif),Pemerintah Pusat,,,,,,,,
Direktur Perumahan dan Permukiman,Tertentu (Bappenas),Pemerintah Pusat,,,,,,,,
Direktur Perumusan Kebijakan Kekayaan Negara,Tertentu (Kementerian Keuangan),Pemerintah Pusat,,,,,,,,
Direktur Politeknik Siber dan Sandi Negara,Tertentu (Badan Siber Dan Sandi Negara),Pemerintah Pusat,,,,,,,,
"Direktur Potensi, Kepatuhan, dan Penerimaan",Tertentu (Kementerian Keuangan),Pemerintah Pusat,,,,,,,,
Direktur Promosi Kesehatan dan Pemberdayaan Masyarakat,Tertentu (Kementerian Kesehatan),Pemerintah Pusat,,,,,,,,
Direktur Rehabilitasi Hutan,Tertentu (Kementerian Lingkungan Hidup Dan Kehutanan),Pemerintah Pusat,,,,,,,,
Direktur Rehabilitasi Sosial Anak,Tertentu (Kementerian Sosial),Pemerintah Pusat,,,,,,,,
"Direktur Rehabilitasi Sosial Korban Penyalahgunaan Narkotika, Psikotropika dan Zat Adiktif",Tertentu (Kementerian Sosial),Pemerintah Pusat,,,,,,,,
Direktur Rehabilitasi Sosial Lanjut Usia,Tertentu (Kementerian Sosial),Pemerintah Pusat,,,,,,,,
Direktur Rehabilitasi Sosial Penyandang Disabilitas,Tertentu (Kementerian Sosial),Pemerintah Pusat,,,,,,,,
Direktur Rumah Khusus,Tertentu (Kementerian Pekerjaan Umum Dan Perumahan Rakyat),Pemerintah Pusat,,,,,,,,
Direktur Rumah Susun,Tertentu (Kementerian Pekerjaan Umum Dan Perumahan Rakyat),Pemerintah Pusat,,,,,,,,
Direktur Rumah Swadaya,Tertentu (Kementerian Pekerjaan Umum Dan Perumahan Rakyat),Pemerintah Pusat,,,,,,,,
Direktur Rumah Umum dan Komersial,Tertentu (Kementerian Pekerjaan Umum Dan Perumahan Rakyat),Pemerintah Pusat,,,,,,,,
Direktur Sertifikasi Profesi,Tertentu (Lembaga Kebijakan Pengadaan Barang/Jasa Pemerintah),Pemerintah Pusat,,,,,,,,
Direktur Sistem dan Strategi,Tertentu (Badan Pelindungan Pekerja Migran Indonesia),Pemerintah Pusat,,,,,,,,
Direktur Sistem dan Strategi Pengelolaan Sumber Daya Air,Tertentu (Kementerian Pekerjaan Umum Dan Perumahan Rakyat),Pemerintah Pusat,,,,,,,,
Direktur Standardisasi dan Sertifikasi Usaha,Tertentu (Kementerian Pariwisata Dan Ekonomi Kreatif),Pemerintah Pusat,,,,,,,,
Direktur Standardisasi Kompetensi,Tertentu (Kementerian Pariwisata Dan Ekonomi Kreatif),Pemerintah Pusat,,,,,,,,
Direktur Status dan Kedudukan Kepegawaian,Tertentu (Badan Kepegawaian Negara),Pemerintah Pusat,,,,,,,,
Direktur Sungai dan Pantai,Tertentu (Kementerian Pekerjaan Umum Dan Perumahan Rakyat),Pemerintah Pusat,,,,,,,,
Direktur Surat Utang Negara,Tertentu (Kementerian Keuangan),Pemerintah Pusat,,,,,,,,
Direktur Tata Kelola Destinasi,Tertentu (Kementerian Pariwisata Dan Ekonomi Kreatif),Pemerintah Pusat,,,,,,,,
Direktur Tata Kelola Ekonomi Digital,Tertentu (Kementerian Pariwisata Dan Ekonomi Kreatif),Pemerintah Pusat,,,,,,,,
Direktur Teknologi Informasi dan Komunikasi  ,Tertentu (Kementerian Keuangan),Pemerintah Pusat,,,,,,,,
Direktur Transformasi Proses Bisnis ,Tertentu (Kementerian Keuangan),Pemerintah Pusat,,,,,,,,
Direktur Transportasi,Tertentu (Kementerian Ppn/Bappenas dan Kementerian Perhubungan),Pemerintah Pusat,,,,,,,,
Direktur Usaha Budidaya,Tertentu (Kementerian Kelautan Dan Perikanan),Pemerintah Pusat,,,,,,,,
Direktur Usaha dan Investasi,Tertentu (Kementerian Kelautan Dan Perikanan),Pemerintah Pusat,,,,,,,,
Direktur Utama Rumah Sakit,Tertentu (Kementerian Kesehatan),Pemerintah Pusat,,,,,,,,
Direktur Wisata Minat Khusus,Tertentu (Kementerian Pariwisata Dan Ekonomi Kreatif),Pemerintah Pusat,,,,,,,,
Direktur yang membawahi tusi Pengembangan Kompetensi dan Penilaian Tenaga Kesehatan,Tertentu (Kementerian Kesehatan),Pemerintah Pusat,,,,,,,,
Dirjen Pelayanan Kesehatan,Tertentu (Kementerian Kesehatan),Pemerintah Pusat,,,,,,,,
Inspektur ,Instansi Pusat - Daerah,Pemerintah Pusat,,,,,,,,
Inspektur Bidang Administrasi Umum,Instansi Pusat - Daerah,Pemerintah Pusat,,,,,,,,
Inspektur Bidang Kinerja Kelembagaan,Instansi Pusat - Daerah,Pemerintah Pusat,,,,,,,,
Inspektur Investigasi,Instansi Pusat,Pemerintah Pusat,,,,,,,,
Inspektur Jenderal,Instansi Pusat - Daerah,Pemerintah Pusat,,,,,,,,
Kepala Badan Informasi Geospasial,Tertentu (Badan Informasi Geospasial),Pemerintah Pusat,,,,,,,,
Kepala Badan Keuangan dan Aset Daerah,Instansi Daerah,Pemerintah Daerah,,,,,,,,
Kepala Badan Penanggulangan Bencana Daerah,Instansi Daerah,Pemerintah Daerah,,,,,,,,
Kepala Badan Pendapatan Daerah,Instansi Daerah,Pemerintah Daerah,,,,,,,,
Kepala Badan Pendidikan dan Pelatihan Keuangan,Tertentu (Kementerian Keuangan),Pemerintah Pusat,,,,,,,,
Kepala Balai Besar Penangkapan Ikan ,Tertentu (Kementerian Kelautan Dan Perikanan),Pemerintah Pusat,,,,,,,,
Kepala Balai Besar Pengujian Penerapan Produk Kelautan dan Perikanan,Tertentu (Kementerian Kelautan Dan Perikanan),Pemerintah Pusat,,,,,,,,
Kepala Balai Besar Perikanan Budidaya Air Payau,Tertentu (Kementerian Kelautan Dan Perikanan),Pemerintah Pusat,,,,,,,,
Kepala Balai Besar Perikanan Budidaya Air Tawar,Tertentu (Kementerian Kelautan Dan Perikanan),Pemerintah Pusat,,,,,,,,
Kepala Balai Besar Perikanan Budidaya Laut,Tertentu (Kementerian Kelautan Dan Perikanan),Pemerintah Pusat,,,,,,,,
Kepala Balai Besar Wilayah Sungai,Tertentu (Kementerian Pekerjaan Umum Dan Perumahan Rakyat),Pemerintah Pusat,,,,,,,,
Kepala Biro Administrasi Pejabat Negara ,Tertentu (Kementerian Sekretariat Negara),Pemerintah Pusat,,,,,,,,
"Kepala Biro Data, Komunikasi dan Informasi Publik",Tertentu (Kementerian Pendayagunaan Aparatur Negara dan Reformasi Birokrasi),Pemerintah Pusat,,,,,,,,
Kepala Biro Hubungan Masyarakat dan Kerja Sama Luar Negeri,Tertentu (Kementerian Kelautan Dan Perikanan),Pemerintah Pusat,,,,,,,,
"Kepala Biro Hubungan Masyarakat, Sistem Informasi, dan Umum ",Tertentu (Lembaga Kebijakan Pengadaan Barang/Jasa Pemerintah),Pemerintah Pusat,,,,,,,,
Kepala Biro Hukum,Instansi Pusat - Daerah,Pemerintah Pusat,,,,,,,,
Kepala Biro Hukum dan Komunikasi Publik,Instansi Pusat - Daerah,Pemerintah Pusat,,,,,,,,
"Kepala Biro Hukum, Kerjasama dan Komunikasi Publik ",Instansi Pusat - Daerah,Pemerintah Pusat,,,,,,,,
"Kepala Biro Hukum, Organisasi, dan Sumber Daya Manusia",Instansi Pusat - Daerah,Pemerintah Pusat,,,,,,,,
"Kepala Biro Hukum, Persidangan, Organisasi dan Komunikasi",Instansi Pusat - Daerah,Pemerintah Pusat,,,,,,,,
Kepala Biro Kepegawaian,Instansi Pusat - Daerah,Pemerintah Pusat,,,,,,,,
Kepala Biro Keuangan dan Umum,Instansi Pusat - Daerah,Pemerintah Pusat,,,,,,,,
Kepala Biro Manajemen Kinerja dan Kerja Sama,Instansi Pusat - Daerah,Pemerintah Pusat,,,,,,,,
"Kepala Biro Manajemen Kinerja, Organisasi dan Sumber Daya Manusia Aparatur",Instansi Pusat - Daerah,Pemerintah Pusat,,,,,,,,
Kepala Biro Organisasi dan Ketatalaksanaan,Instansi Pusat - Daerah,Pemerintah Pusat,,,,,,,,
Kepala Biro Organisasi dan Sumber Daya Manusia,Instansi Pusat - Daerah,Pemerintah Pusat,,,,,,,,
Kepala Biro Organisasi dan Umum,Instansi Pusat - Daerah,Pemerintah Pusat,,,,,,,,
"Kepala Biro Organisasi, Tata Laksana, Hukum, dan Reformasi Birokrasi",Instansi Pusat - Daerah,Pemerintah Pusat,,,,,,,,
Kepala Biro Peraturan dan Perundang-undangan,Instansi Pusat - Daerah,Pemerintah Pusat,,,,,,,,
Kepala Biro Perencanaan dan Kerja sama,Instansi Pusat - Daerah,Pemerintah Pusat,,,,,,,,
Kepala Biro Perencanaan dan Keuangan,Instansi Pusat - Daerah,Pemerintah Pusat,,,,,,,,
Kepala Biro Perencanaan dan Organisasi,Instansi Pusat - Daerah,Pemerintah Pusat,,,,,,,,
"Kepala Biro Perencanaan, Kepegawaian dan Hukum",Instansi Pusat - Daerah,Pemerintah Pusat,,,,,,,,
Kepala Biro Sumber Daya Manusia Aparatur dan Organisasi,Instansi Pusat - Daerah,Pemerintah Pusat,,,,,,,,
Kepala Biro Sumber Daya Manusia dan Organisasi,Instansi Pusat - Daerah,Pemerintah Pusat,,,,,,,,
"Kepala Biro Sumber Daya Manusia, Organisasi, dan Hukum",Instansi Pusat - Daerah,Pemerintah Pusat,,,,,,,,
Kepala Biro Umum dan Pengadaan Barang dan Jasa,Instansi Pusat - Daerah,Pemerintah Pusat,,,,,,,,
Kepala Dinas Dinas Pekerjaan Umum Sumber Daya Air,Instansi Daerah,Pemerintah Daerah,,,,,,,,
Kepala Dinas Energi dan Sumber Daya Mineral,Instansi Daerah,Pemerintah Daerah,,,,,,,,
Kepala Dinas Kehutanan,Instansi Daerah,Pemerintah Daerah,,,,,,,,
Kepala Dinas Komunikasi Informatika Persandian dan Statistik,Instansi Daerah,Pemerintah Daerah,,,,,,,,
Kepala Dinas Pariwisata dan Ekonomi Kreatif ,Instansi Daerah,Pemerintah Daerah,,,,,,,,
Kepala Dinas Pekerjaan Umum dan Bina Marga,Instansi Daerah,Pemerintah Daerah,,,,,,,,
Kepala Dinas Penanaman Modal dan Pelayanan Terpadu Satu Pintu,Instansi Daerah,Pemerintah Daerah,,,,,,,,
Kepala Dinas Perhubungan ,Instansi Daerah,Pemerintah Daerah,,,,,,,,
Kepala Dinas Tenaga Kerja dan Transmigrasi,Instansi Daerah,Pemerintah Daerah,,,,,,,,
Kepala Pelabuhan Perikanan Samudera,Tertentu (Kementerian Kelautan Dan Perikanan),Pemerintah Pusat,,,,,,,,
"Kepala Pusat Data, Statistik, dan Informasi",Tertentu (Kementerian Kelautan Dan Perikanan),Pemerintah Pusat,,,,,,,,
Kepala Pusat Jaring Kontrol Geodesi dan Geodinamika,Tertentu (Badan Informasi Geospasial),Pemerintah Pusat,,,,,,,,
Kepala Pusat Kebijakan Anggaran Pendapatan dan Belanja Negara,Tertentu (Kementerian Keuangan),Pemerintah Pusat,,,,,,,,
Kepala Pusat Kebijakan Ekonomi Makro,Tertentu (Kementerian Keuangan),Pemerintah Pusat,,,,,,,,
Kepala Pusat Kebijakan Pembiayaan Perubahan Iklim dan Multilateral,Tertentu (Kementerian Keuangan),Pemerintah Pusat,,,,,,,,
Kepala Pusat Kebijakan Pendapatan Negara,Tertentu (Kementerian Keuangan),Pemerintah Pusat,,,,,,,,
Kepala Pusat Kebijakan Regional dan Bilateral,Tertentu (Kementerian Keuangan),Pemerintah Pusat,,,,,,,,
Kepala Pusat Kebijakan Sektor Keuangan,Tertentu (Kementerian Keuangan),Pemerintah Pusat,,,,,,,,
Kepala Pusat Pembinaan Jabatan Fungsional Kepegawaian,Tertentu (Badan Kepegawaian Negara),Pemerintah Pusat,,,,,,,,
Kepala Pusat Pemetaan Batas Wilayah,Tertentu (Badan Informasi Geospasial),Pemerintah Pusat,,,,,,,,
Kepala Pusat Pemetaan dan Integrasi Tematik,Tertentu (Badan Informasi Geospasial),Pemerintah Pusat,,,,,,,,
Kepala Pusat Pemetaan Kelautan dan Lingkungan Pantai,Tertentu (Badan Informasi Geospasial),Pemerintah Pusat,,,,,,,,
Kepala Pusat Pemetaan Rupabumi dan Toponim,Tertentu (Badan Informasi Geospasial),Pemerintah Pusat,,,,,,,,
Kepala Pusat Pemetaan Tata Ruang dan Atlas,Tertentu (Badan Informasi Geospasial),Pemerintah Pusat,,,,,,,,
Kepala Pusat Pendidikan dan Pelatihan Anggaran dan Perbendaharaan,Tertentu (Kementerian Keuangan),Pemerintah Pusat,,,,,,,,
Kepala Pusat Pendidikan dan Pelatihan Bea dan Cukai,Tertentu (Kementerian Keuangan),Pemerintah Pusat,,,,,,,,
Kepala Pusat Pendidikan dan Pelatihan Pajak,Tertentu (Kementerian Keuangan),Pemerintah Pusat,,,,,,,,
"Kepala Pusat Penelitian, Promosi dan Kerjasama",Tertentu (Badan Informasi Geospasial),Pemerintah Pusat,,,,,,,,
Kepala Pusat Pengelolaan dan Infrastruktur Informasi Geospasial,Tertentu (Badan Informasi Geospasial),Pemerintah Pusat,,,,,,,,
Kepala Pusat Pengembangan Infrastruktur Wilayah Nasional,Tertentu (Kementerian Pekerjaan Umum Dan Perumahan Rakyat),Pemerintah Pusat,,,,,,,,
Kepala Pusat Pengembangan Sumber Daya Manusia,Instansi Pusat,Pemerintah Pusat,,,,,,,,
Kepala Pusat Pengendalian Lumpur Sidoarjo,Tertentu (Kementerian Pekerjaan Umum Dan Perumahan Rakyat),Pemerintah Pusat,,,,,,,,
Kepala Pusat Pengkajian Manajemen Aparatur Sipil Negara,Tertentu (Badan Kepegawaian Negara),Pemerintah Pusat,,,,,,,,
Kepala Pusat Sistem Informasi dan Teknologi Keuangan,Tertentu (Kementerian Keuangan),Pemerintah Pusat,,,,,,,,
Kepala Pusat Standardisasi dan Kelembagaan Informasi Geospasial,Tertentu (Badan Informasi Geospasial),Pemerintah Pusat,,,,,,,,
Pelaksana Tugas Direktur Regional II,Tertentu (Kementerian Ppn/Bappenas),Pemerintah Pusat,,,,,,,,
Pusat Pengembangan Bisnis,Instansi Pusat,Pemerintah Pusat,,,,,,,,
Pusat Pengembangan Sistem Seleksi,Tertentu (Badan Kepegawaian Negara),Pemerintah Pusat,,,,,,,,
Sekretaris Direktorat Jenderal Sumber Daya Air,Tertentu (Kementerian Pekerjaan Umum Dan Perumahan Rakyat),Pemerintah Pusat,,,,,,,,
Sekretaris Badan Kebijakan Fiskal,Tertentu (Kementerian Keuangan),Pemerintah Pusat,,,,,,,,
Sekretaris Deputi Bidang Kelembagaan dan Tata Laksana,Tertentu (Kementerian Pendayagunaan Aparatur Negara dan Reformasi Birokrasi),Pemerintah Pusat,,,,,,,,
Sekretaris Deputi Bidang Pelayanan Publik,Tertentu (Kementerian Pendayagunaan Aparatur Negara dan Reformasi Birokrasi),Pemerintah Pusat,,,,,,,,
"Sekretaris Deputi Bidang Reformasi Birokrasi, Akuntabilitas Aparatur Dan Pengawasan",Tertentu (Kementerian Pendayagunaan Aparatur Negara dan Reformasi Birokrasi),Pemerintah Pusat,,,,,,,,
Sekretaris Deputi Bidang Sumber Daya Manusia Aparatur,Tertentu (Kementerian Pendayagunaan Aparatur Negara dan Reformasi Birokrasi),Pemerintah Pusat,,,,,,,,
Sekretaris Direktorat Jenderal Bimbingan Masyarakat Hindu,Tertentu (Kementerian Agama),Pemerintah Pusat,,,,,,,,
Sekretaris Direktorat Jenderal Hukum dan Perjanjian Internasioal,Tertentu (Kementerian Luar Negeri),Pemerintah Pusat,,,,,,,,
Sekretaris Direktorat Jenderal Pembinaan Pengawasan Ketenagakerjaan dan Keselamatan dan Kesehatan Kerja,Instansi Pusat,Pemerintah Pusat,,,,,,,,
Sekretaris Direktorat Jenderal Pengawasan Sumber Daya Kelautan dan Perikanan,Instansi Pusat,Pemerintah Pusat,,,,,,,,
Sekretaris Direktorat Jenderal Penyelenggaraan Haji dan Umrah,Tertentu (Kementerian Agama),Pemerintah Pusat,,,,,,,,
Sekretaris Direktorat Jenderal Perikanan Tangkap,Instansi Pusat,Pemerintah Pusat,,,,,,,,
Sekretaris Direktorat Jenderal Rehabilitasi Sosial,Instansi Pusat,Pemerintah Pusat,,,,,,,,
Sekretaris Inspektorat Jenderal,Instansi Pusat - Daerah,Pemerintah Pusat,,,,,,,,
Sekretaris Kementerian Pemberdayaan Aparatur Negara dan Reformasi Birokrasi,Instansi Pusat,Pemerintah Pusat,,,,,,,,
Staf Ahli Bidang Administrasi Negara,Tertentu (Kementerian Pendayagunaan Aparatur Negara dan Reformasi Birokrasi),Pemerintah Pusat,,,,,,,,
Staf Ahli Bidang Budaya Kerja,Tertentu (Kementerian Pendayagunaan Aparatur Negara dan Reformasi Birokrasi),Pemerintah Pusat,,,,,,,,
Staf Ahli Bidang Pemerintahan dan Otonomi Daerah,Tertentu (Kementerian Pendayagunaan Aparatur Negara dan Reformasi Birokrasi),Pemerintah Pusat,,,,,,,,
Staf Ahli Bidang Politik dan Hukum,Tertentu (Kementerian Pendayagunaan Aparatur Negara dan Reformasi Birokrasi),Pemerintah Pusat,,,,,,,,
Staf Ahli Penguatan Stabilitas Politik dan Pemerintahan,Tertentu (Kementerian Koordinator Bidang Pembangunan Manusia Dan Kebudayaan),Pemerintah Pusat,,,,,,,,